X1,X2,X3,X4,X5,Y
239.934015385003,4,0.236211022699329,0.6875,0.666523641888009,56.9642413987185
448.758922913162,2,0.0208523612400416,2.75,0.544795296336333,78.8716833276224
351.903322712764,2,0.149209238117554,2.75,0.794738013903612,56.9383697559515
687.093967501727,3,0.423421479387697,1.22222222222222,1.20697066239938,96.7584897893306
391.957251223379,2,0.130277526680767,2.75,0.511198351687349,55.346425208532
418.565266783523,6,0.0507862971367527,0.305555555555556,0.792015189518081,79.483698319415
1000.08879740065,1,0.000700698381753981,11,9.15563796358306,266.483428321199
482.942744687325,2,0.30468171704025,2.75,1.63979652291239,100.357458690764
812.257691775907,2,0.0516758638251787,2.75,7.81483304725274,265.014154141126
481.9624177191,3,0.00875842870711586,1.22222222222222,1.32172574249315,85.1538687212656
116.508748057856,1,0.068035948229703,11,0.00440153870100028,1.76119429688012
141.328702543409,4,0.0369221760700565,0.6875,0.0234361622187983,54.1035243331297
631.447435529668,2,0.0229365972205733,2.75,2.66362207248359,124.459143291722
152.585540230689,1,0.239297638357659,11,0.0179427507221648,14.1746247610246
367.11771178954,5,0.107492445135379,0.44,0.955219044390853,122.693257460634
145.916911367306,3,0.0616014913373993,1.22222222222222,0.00019714999358929,12.5955645360846
169.400598052946,1,0.00511652216593212,11,2.56777628959079e-05,78.9524164316776
105.882367529425,5,0.364063684666271,0.44,0.0550980350320501,74.4915946760516
614.873046446613,4,0.216344035882688,0.6875,3.33669075756015,92.6495888051231
349.412137789533,5,0.053325531256263,0.44,0.21116626233726,43.7876588234987
450.073203728234,1,0.00512568109367118,11,0.2686928334499,66.5790146665177
218.202092159959,3,0.0389831548019895,1.22222222222222,0.00663521183521911,50.6205286646071
782.183908087024,5,0.105080047116125,0.44,5.01064613297433,201.805422282296
303.446760203583,2,0.0178745756164045,2.75,0.694282776663286,28.3742174373468
612.143553773704,3,0.00743268856277224,1.22222222222222,1.79941791490059,103.483864754001
444.562213616198,1,0.0485269653572331,11,1.26921701850327,69.1301742587756
185.655215490555,4,0.141740921231954,0.6875,5.97372817903889e-05,123.630450207736
469.932884788979,6,0.029670426744462,0.305555555555556,0.569529280439956,130.394473094316
794.89566253309,6,0.0429795577442353,0.305555555555556,5.39711339053605,223.218642490821
400.948927702008,5,0.135638787702823,0.44,0.321712303849737,87.6384559942258
903.885491775965,5,0.0498246600522259,0.44,2.92789095991922,199.168783888637
518.654915953263,2,0.215146627434883,2.75,1.11318610278537,96.7078827594925
760.970205147808,4,0.127971327152775,0.6875,2.94998491388688,108.920005006915
391.285188344322,1,0.103916886382966,11,2.12355533130451,96.5162946195592
169.439270308877,1,0.16071172607242,11,0.00161539306365639,16.0421283412504
354.142189629123,4,0.0848286843895898,0.6875,0.737236293048763,85.2672325513159
630.351810312601,6,0.0441550837082867,0.305555555555556,3.18279199325405,137.986178559663
239.830093339386,4,0.155511115107663,0.6875,0.0298792574568685,121.629453450141
302.89533764276,6,0.00457444203578847,0.305555555555556,0.610320356859769,49.813619710583
571.397525615267,3,0.286340516020668,1.22222222222222,0.235863789027929,96.5967158782102
845.883858926695,1,0.0223808702815311,11,12.1545555136603,221.29285850778
921.689916050259,4,0.00545622851974296,0.6875,16.7332338988848,327.805425078557
773.144474242067,5,0.311019057200594,0.44,7.88498629010969,223.8839671503
331.509154651782,6,0.110355851186955,0.305555555555556,0.0602220726908641,58.7639244667711
683.003317782147,4,0.0236927754817398,0.6875,1.46790178953421,114.766091298309
199.986606263482,3,0.193784792539442,1.22222222222222,0.00194136952968555,41.1903989324149
793.892775178023,4,0.092147758789573,0.6875,3.43619797073096,144.28249099923
189.369674018626,6,0.0885852867128804,0.305555555555556,6.80561288995366e-05,30.9285135970161
211.457190722107,6,0.194138089537107,0.305555555555556,0.113325913397934,24.6710245146278
358.06166545265,4,0.0987562603144095,0.6875,0.102055524297167,139.812980693895
499.700088236802,6,0.126352364670953,0.305555555555556,0.784129744106288,134.788499589928
943.313022261165,1,0.04363687182922,11,7.13896821176526,166.251778651316
747.668053747115,3,0.00346050485368283,1.22222222222222,3.88201941013731,174.810773649755
845.023468341068,5,0.0539944985264113,0.44,2.34295564119554,145.660338701556
377.058662391335,6,0.0829682091858309,0.305555555555556,0.0754126095715434,95.6199855422181
720.664417175894,6,0.00659961458546804,0.305555555555556,5.17164112424749,172.264608573382
310.443181174958,5,0.0858542956178336,0.44,0.0224031163535307,111.903828571593
862.105478880162,5,0.24602933368249,0.44,11.8624929151529,247.002300091328
551.526213960536,4,0.0408038474242721,0.6875,3.89576051599812,89.6290000029243
933.685288730621,3,0.178893697222376,1.22222222222222,3.43106042251174,179.805325393468
481.358291031532,1,0.0165094118725726,11,0.628465270376808,90.1833022140618
182.337719126666,2,0.0226789873371603,2.75,0.0119176381779036,69.2668427500964
436.091580980186,6,0.368153631641284,0.305555555555556,0.922003888632017,121.135750387739
289.077925339124,1,0.010622646950114,11,0.586353417432059,114.992274250606
504.978488800699,3,0.107965859112071,1.22222222222222,3.24282198766447,91.2523899805213
610.825450823352,6,0.0509516203151947,0.305555555555556,0.988260144928769,110.463212714789
284.913787057107,1,0.0400331292093576,11,0.190641441471854,77.1279631802344
709.240537025714,6,0.0563772952303464,0.305555555555556,6.54296756874377,172.622927371539
746.081543353086,4,0.0204224646989739,0.6875,3.25300880451032,123.065967475231
911.567195961824,2,0.0039833627528384,2.75,5.32917199532954,199.116208729989
627.357422222243,6,0.031373678218353,0.305555555555556,2.4010266519686,142.593671945086
584.551138348223,4,0.0195379816394212,0.6875,0.965891983326357,77.8298724611117
646.862779849822,3,0.105504031889482,1.22222222222222,1.59278129869243,117.836076885964
711.79139985164,5,0.0943692339887133,0.44,8.88496605560619,150.972126089803
404.259427568002,4,0.0139190397816783,0.6875,0.218558832324458,107.322091746489
903.404836374941,1,0.0356489628128797,11,15.3316969904856,256.963492854271
893.49676906291,5,0.00976546883080518,0.44,4.19820149186487,177.506520253806
320.956483967491,2,0.106093624625836,2.75,0.26361250671524,6.13737141088649
147.182775633497,1,0.125291898846123,11,0.0174556242694169,80.9077682940799
788.390308964644,3,0.00842838818119496,1.22222222222222,2.64573128913408,138.17614994067
49.7832136676043,4,0.10068587642449,0.6875,0.000645984775475515,42.427168128336
773.862644550038,2,0.125256184985623,2.75,4.45940916833375,213.24526526705
819.118350079053,4,0.203121521791083,0.6875,3.67743626991333,265.212828994788
73.1882551983779,4,0.0164504603103397,0.6875,0.000309499613377663,18.2186001441059
877.542852208267,1,0.0454068530120102,11,4.1154150800899,176.180326245452
932.512519377828,3,0.149094008174032,1.22222222222222,12.083961246777,227.631165595665
983.469383699638,6,0.147004620560916,0.305555555555556,2.49115952233592,183.042293382528
857.018903355314,3,0.0298762075805554,1.22222222222222,10.7776407759131,214.382141744566
641.732242962384,3,2.34789165740367e-05,1.22222222222222,1.03084455968724,140.943262804989
656.416704071221,6,0.0108119776323097,0.305555555555556,7.02545847101621,205.226625928526
969.194823040858,3,0.0746763890614608,1.22222222222222,11.3785692029422,207.123725613692
783.139091554381,3,0.0535274412002067,1.22222222222222,2.59047685666926,151.415034218136
566.63177607585,1,0.0157306482054225,11,2.21961240948769,124.597740905908
535.1338957107,2,0.0594490964758768,2.75,0.568460783853519,81.7894289763786
276.383717612624,2,0.0183422389268438,2.75,0.284164507367245,52.0956852483785
388.874114847797,3,0.0334849012005779,1.22222222222222,0.955975911806583,108.800209431535
857.276035113808,1,0.00860422712248799,11,3.58086805487428,184.565457132362
697.108063947803,1,0.247805736773271,11,1.33706414761586,126.08838540351
29.3302843369124,1,0.267935322229945,11,0.0503649439610844,10.5649658969373
271.832461430421,5,0.136150195293886,0.44,0.632162312892405,66.3498852869183
234.431777451837,5,0.104632639373708,0.44,0.0558158793815791,48.7080367781442
661.866036205048,4,0.178481971915229,0.6875,4.11541949908595,161.2030313914
174.999669601022,5,0.170445969745484,0.44,0.0249600514030531,40.355281935721
201.864924454553,6,0.0315199181132661,0.305555555555556,0.0931658152025884,11.6213787741327
546.007623926623,5,0.0463024992606419,0.44,3.40454441361635,174.031132621103
612.553686049907,4,0.00672121620953006,0.6875,4.47240723651913,111.494800603133
103.013911558684,1,0.020694778984757,11,0.0103613386234423,83.7568303731895
948.749289946663,5,0.0238311477973091,0.44,3.98211247701316,209.190525999836
865.838441432988,6,0.0252872337576524,0.305555555555556,0.963672054450851,154.141626347868
230.908924445383,5,0.0724941178307724,0.44,0.00209907939356501,38.3757724782968
451.852945899478,1,0.106605700935746,11,0.845614966492602,60.3737951701534
193.629294410248,3,0.13525543183349,1.22222222222222,0.45260478136478,56.0092556926971
740.697377891899,5,0.113778637438431,0.44,5.34276966606934,126.676889165795
671.283568708205,5,0.00267285935687306,0.44,5.61608289123427,190.144773604652
929.553150525505,6,0.000856331861285869,0.305555555555556,4.44551406593942,216.372866799793
313.544465159927,3,0.213126363198455,1.22222222222222,0.0260589528856503,71.3327802210335
722.856109519447,5,0.00523972921732124,0.44,1.49350104286945,127.510210399382
274.97402293013,4,0.153644300686773,0.6875,0.165125680293803,122.43967058998
557.710637830143,6,0.12946195440281,0.305555555555556,1.28520823897379,153.693858057688
283.690612976797,2,0.0512046707112375,2.75,0.264339801536768,6.43761565023598
838.476250424678,2,0.131264463531391,2.75,2.47680911556063,196.171287253257
885.024929608844,6,0.0240188522912946,0.305555555555556,4.45367962677761,184.438139348316
374.882992240854,3,0.00848818597296722,1.22222222222222,0.457705531899158,68.6025757636134
111.390987772632,5,0.0354317185113653,0.44,0.0105522473048299,6.97608686598862
317.714430881418,5,0.15811034266645,0.44,1.25595485800931,76.2510567891337
178.055453713563,6,0.17502647544662,0.305555555555556,0.0537331202486012,76.8366476532761
563.921349945493,2,0.200067360967409,2.75,2.41567472775083,96.7239255630498
899.178999336477,4,0.038133187504624,0.6875,12.5687938281346,264.41634422609
1014.28806110545,3,0.0774965633830458,1.22222222222222,5.12187396491973,148.868120828509
762.145202168389,6,0.0519155895287879,0.305555555555556,8.53742577850606,209.384382175189
129.189308594288,6,0.0340019701192498,0.305555555555556,0.000237951619079064,90.8003637704703
877.460339021342,5,0.0975620976696955,0.44,3.1581628097819,194.324151659253
470.386091458625,1,0.0405411339115072,11,0.81280888480679,122.238371029639
864.040915033865,6,0.00829852290481431,0.305555555555556,6.46008376634896,215.405154026274
801.620995196656,1,0.00425922525454378,11,5.62647886346787,177.071755686832
108.251610068343,3,0.0254074514589268,1.22222222222222,3.52559577109292e-05,-27.6645571448624
388.366946374222,1,0.0565858116164605,11,0.026338257371547,108.007288108505
434.500649583443,5,0.0389858684573078,0.44,0.301773285718622,84.4373405849964
683.660236307319,5,0.0330816426543944,0.44,3.05641339766725,140.397338916701
318.170756429427,1,0.129183481799376,11,0.0629542344199282,13.1714396186958
897.73178817952,4,0.150356117882542,0.6875,7.30507575004305,209.443900813432
571.080822516151,1,0.0347500722487651,11,1.5167997282887,94.2351716814679
485.01926833897,6,0.00166519837933781,0.305555555555556,4.12100199426196,145.074381003035
300.898373810871,3,0.0241111103167007,1.22222222222222,0.0940542424913115,67.8427128808385
74.892625491401,3,0.026921934590573,1.22222222222222,5.40265131020687e-06,63.2995444441462
653.430632304145,4,0.070650578619957,0.6875,2.87763863533907,129.935354288468
193.821979653509,3,0.114627018463779,1.22222222222222,0.0826897807141988,29.5251584488919
1014.48977400629,4,0.0565373855704859,0.6875,6.12236662119417,195.08262734882
483.769388029764,5,0.0128028906396797,0.44,0.705703618925849,76.2762352727788
230.325597801684,3,0.127029179405986,1.22222222222222,0.0323050674253285,84.9978525386324
434.387938352121,2,0.0347256246838764,2.75,2.11459334415463,122.78155417922
746.663620290641,2,0.030021797410299,2.75,3.02146118707391,101.108618415171
823.705246937737,5,0.0862447832741791,0.44,8.69506726305829,178.914663760695
116.775615069621,3,0.43914978363036,1.22222222222222,0.131091276766081,106.785015352273
649.704776051549,3,0.101610432125912,1.22222222222222,5.92569543502659,114.717730854888
663.028956892173,3,0.0231225596841078,1.22222222222222,2.42623829822978,93.6176624565437
329.721373791053,5,0.00334001897645149,0.44,1.04007225676693,39.0737064610526
509.230000470519,4,0.0815788173743657,0.6875,1.91399113936152,107.551483263407
586.731650732742,6,0.00254114643153003,0.305555555555556,1.25082760646954,136.860580494154
276.52712020206,6,0.0759191288963973,0.305555555555556,0.791132188076713,37.6749801165946
249.185998771655,5,0.0636394256752776,0.44,0.0046747815656115,74.6906348132738
858.873828023646,1,0.0467305954052968,11,8.07226361873832,226.785938214124
750.486834527965,1,0.0365183112373771,11,5.55223892485804,207.375778755385
270.729554508406,1,0.141729047172027,11,0.403852397921823,22.5568184428483
930.157065725719,5,0.0224646480108864,0.44,10.1777900601695,207.400026352571
746.50981858806,5,0.0305934008082004,0.44,2.05821558018094,123.266160579277
87.8997014394338,3,0.0788094565882717,1.22222222222222,1.00551678461633e-05,19.128158192565
963.108686013241,4,0.0578100525819927,0.6875,4.46555221235165,221.44798119381
755.075343155897,2,0.121470308209324,2.75,4.52484507352896,102.306529445711
600.526107034812,4,0.051295466439488,0.6875,1.21171205339541,134.595655393925
723.333096482848,3,0.0215899022164937,1.22222222222222,4.11033848952186,140.83696623826
174.363018691555,3,0.0684843479158297,1.22222222222222,0.152097269883281,59.0962426749538
806.36680186232,3,0.0151255682494894,1.22222222222222,2.53033812185701,139.169597659167
400.115800411831,6,0.240045148038979,0.305555555555556,1.05402320058462,95.3236240599212
654.667461981025,5,0.0738280758898385,0.44,13.5346645397351,217.629027780601
455.725311364552,2,0.091744085624439,2.75,0.385783341838917,48.3129364891261
60.0667946936847,2,0.0457810942419068,2.75,2.79440682452032e-05,32.3969747010804
625.504027201275,3,0.00325004009551912,1.22222222222222,1.92012916430004,115.558997338795
413.033893079191,1,0.177608448762382,11,0.723761679651502,58.1572940385967
508.716825999166,5,0.0955252124955694,0.44,1.26982833453459,126.062565941289
674.544180211413,1,0.000951764146689771,11,6.78075932566496,209.447963002831
926.442978573333,1,0.0107794228221289,11,8.62242829280156,259.038653884231
480.957923147246,6,0.010947816170573,0.305555555555556,0.715133461843432,111.95911964064
287.264060201165,1,0.115007256668266,11,0.0662157466307658,53.3627371993512
469.306038994208,4,0.198634721574916,0.6875,0.932008148697384,121.305792074449
336.066689877645,5,0.0303079967362821,0.44,0.136915696512639,54.661139086603
329.630624744857,4,0.296650797480224,0.6875,0.130199140633055,36.3292270770429
616.553362985492,6,0.0405421300599111,0.305555555555556,2.33859455477841,116.320797203695
205.176136215467,6,0.0169820578432273,0.305555555555556,0.0116804273003999,57.8347092628835
241.122700544592,3,0.0367224354061907,1.22222222222222,0.222966178971898,53.1844045987106
828.207035229437,5,0.0299054759710753,0.44,7.71930786437236,198.874391621054
621.204259450756,6,0.0379079831442179,0.305555555555556,3.86845760490885,159.668511553951
678.225953583075,6,0.028538746908186,0.305555555555556,1.86950028528921,144.242463281092
436.098879906264,5,0.0129082866940511,0.44,0.518112637095018,74.681939962831
577.313693360312,2,0.0152690549024805,2.75,1.26665991547419,86.9046840517091
116.250279535136,5,0.0307521442736516,0.44,0.000340279649696607,46.9187467136289
539.321271648786,6,0.137716359167321,0.305555555555556,0.223124624395362,92.8176119720755
135.724564548268,4,0.00783903077597444,0.6875,0.00146878219169752,13.9825427042214
71.2546545410505,3,0.00807536392361172,1.22222222222222,4.45837169145801e-09,56.0670688484619
292.798010589031,3,0.297788871959349,1.22222222222222,0.397992018755126,106.404240155382
473.814701237877,2,0.199128963900714,2.75,0.786987811599317,79.0560143059979
949.593776068524,1,0.0101345793704805,11,14.1433640802244,233.217053846326
89.3263637357467,2,0.188943383174341,2.75,6.44600043067427e-06,44.9784360287005
292.490140531321,3,0.00534710773110603,1.22222222222222,0.0023742910569027,60.4881983198522
225.70166021331,6,0.156972933788362,0.305555555555556,0.0684447479748591,66.7842577664472
1005.93187036855,5,0.103896710815097,0.44,19.455949998404,279.402354069758
848.776620692304,5,0.00928578596557466,0.44,5.1984911186445,223.856444379379
113.574516741105,4,0.051649720421632,0.6875,0.00188985015576637,44.9310019380537
888.37279171839,2,0.251924972629314,2.75,15.5877577719602,332.656967822811
894.986673085723,2,0.0232191510586938,2.75,6.85795981412463,177.861552896549
731.106031875808,6,0.0549449635962264,0.305555555555556,3.78932912619221,113.218522375777
120.031763963082,3,0.0456155294271599,1.22222222222222,0.000649648764789275,2.32806922473083
356.07566476945,5,0.0282917087992995,0.44,0.798401982798802,76.8205458971956
600.556317765441,5,0.071847900295893,0.44,2.92641415267923,146.419993615619
663.759254200798,1,0.0134267552521545,11,2.19958293387648,88.7889774158705
719.846966430824,3,0.109354780104516,1.22222222222222,3.52293914511419,176.355759628102
591.269614878911,6,0.0616276041520861,0.305555555555556,2.03497902068502,154.053626268522
328.418001043049,6,0.0151979371499584,0.305555555555556,0.370416901881237,57.1913573434051
132.247816837927,6,0.101996943090393,0.305555555555556,7.32185881908638e-08,45.8079267607235
244.641504016221,1,0.0333878782117191,11,0.0325503735858718,37.7524437851098
860.021510011272,6,0.00936026266388239,0.305555555555556,9.46460218800257,276.332484972603
665.772328579954,3,0.0100532545346583,1.22222222222222,4.25528626387298,157.489423505729
770.833811069859,1,0.415269933492403,11,8.95856832058106,257.111111597796
65.8969304594239,2,0.0664358742162834,2.75,4.55058364717364e-05,-0.0856876578189301
375.811704495941,6,0.0862788696730615,0.305555555555556,2.38737181249557,74.9119646272914
555.567454956485,4,0.210445247495988,0.6875,0.144451513426264,101.078336233892
575.521119235334,3,0.082412169934202,1.22222222222222,0.811645339347996,49.9817472840072
330.174744066065,1,0.241350386709295,11,0.133960466766582,-5.84318362464914
454.375650044454,2,0.00878962071469677,2.75,0.605517435606609,52.9006986835978
820.057585031187,6,0.102626809126174,0.305555555555556,4.76101922543674,172.065521742032
603.45088936868,1,0.133262914450137,11,2.96454800699689,91.2112383738256
566.770308798695,6,0.000125517715252676,0.305555555555556,0.764786683321801,121.42898923251
940.90729591213,1,0.0580182150463821,11,8.21830167502625,190.6537351157
203.159453823917,5,0.123756462949294,0.44,0.334439485325108,91.3550204813834
709.185280847338,2,0.1142145649842,2.75,2.9627210232787,169.452874737615
639.061056165393,2,0.0155812427826651,2.75,1.20910834893011,127.583631119944
535.934396746191,6,0.104080858580681,0.305555555555556,0.890697084349046,96.4929736036299
516.605822538484,5,0.0479301293664706,0.44,0.995836686271006,115.463161365765
403.652713790631,6,0.281537414043309,0.305555555555556,0.579225508296981,33.959417697019
192.069254476697,3,0.0568153131529174,1.22222222222222,1.38818760252317,69.951797320522
406.747849876009,2,0.283270140800413,2.75,0.876353600430964,87.5108290590184
306.516757072787,6,0.0131737302761407,0.305555555555556,0.137088254764329,29.0800561926461
351.623307921562,2,0.367349081855666,2.75,0.0660262168577643,108.995680660191
74.058822571495,1,0.00718862702089708,11,0.0599009534616541,-15.2406114898637
933.593343273855,3,0.0525426670532167,1.22222222222222,12.4579627199367,216.073368657087
912.342577899537,5,0.0101526998808345,0.44,6.09957639827143,191.476052289425
937.796845383196,3,0.126281731673298,1.22222222222222,6.72641789651433,233.972929113167
682.813140400754,2,0.0199331732104872,2.75,1.25114404027631,121.986974775047
571.765617081264,1,0.00402330564831741,11,1.72477092632406,137.626268026438
890.514853342368,2,0.00957447703781862,2.75,5.80064364549048,166.830181813947
157.536724597164,3,0.000592543834040837,1.22222222222222,0.0123585413697381,20.3363931125736
418.34529562584,1,0.0814743821043643,11,0.865320995434005,90.8546905376154
795.270508986063,2,0.117818950119183,2.75,6.13961266750528,243.782629853905
330.333488630936,5,0.0296681583879975,0.44,0.252830407146185,96.7589432168695
334.178181282544,1,0.136729529300823,11,0.108206903709802,57.4991995354467
843.293329525349,5,0.0191582696569662,0.44,6.2936038733767,188.617909184871
172.624829607545,1,0.0324792956426159,11,0.0015803740781604,38.3282001132032
913.501950473537,2,0.0614562014010895,2.75,3.79488970533531,166.046819782158
460.020185522034,4,0.0788794966345459,0.6875,0.543251625166017,43.8076539240305
947.627140431299,3,0.0574705350394449,1.22222222222222,6.41086680911691,204.824500492099
391.16346097108,2,0.0136185937445787,2.75,0.55600191822578,84.294967454711
322.135404690898,6,0.0869213250721032,0.305555555555556,0.438337994383897,79.439238608827
383.864512230568,3,0.104278050391913,1.22222222222222,0.271575435102221,33.710593671673
115.837592813183,3,0.127221391978145,1.22222222222222,3.71951346908292e-06,-44.1788916337373
559.382632061762,1,0.203037213172714,11,1.52928606614024,129.036646498946
444.898355484656,2,0.228378670916905,2.75,0.403895674614521,92.0112321549657
843.687176971784,3,0.0746488089747693,1.22222222222222,9.79975155743356,212.245152569003
773.255316526373,2,0.0674946769932604,2.75,1.44368898410252,142.474628751206
603.859893475935,3,0.0166069134329777,1.22222222222222,2.05822419518229,100.010805585026
954.150091018537,5,0.109545344344659,0.44,8.32249641966182,238.531318627315
225.447914905571,3,0.468411017491556,1.22222222222222,0.00329455075067542,18.284932499362
84.3967163244273,2,0.359428518099204,2.75,0.000252808721918583,46.7599296796163
704.451261019364,4,0.00382170838857554,0.6875,6.55213846475565,185.127929679777
692.866142374173,5,0.125064880496863,0.44,1.26857150064976,94.3437123112073
418.758382292226,5,0.0405529769080005,0.44,1.06526363927881,41.9527216532753
780.390244760519,4,0.0296131760888378,0.6875,9.15219415232611,233.582465701938
292.395397973421,6,0.11159655161609,0.305555555555556,0.0480800965133347,73.9237464809719
669.797570734661,2,0.11754667268909,2.75,1.64875041739665,110.914405755055
543.5613081602,1,0.109087337918582,11,0.393699738689453,102.179965955376
657.992486035859,1,0.0070187975909033,11,2.5957543833341,125.230194333688
555.196330097178,4,0.0277714735139472,0.6875,1.2557141640404,101.066530081433
508.422605539477,1,0.0785363703563298,11,0.563203953719138,116.465888148469
620.966468473514,4,0.0219439966373484,0.6875,1.11618638348195,133.478602505594
210.568896782942,2,0.210788474666788,2.75,0.00655008909041917,32.3167892308409
172.495642604984,3,0.0356160159808686,1.22222222222222,0.026037027402734,15.6240371573444
669.456565688065,4,0.108050784127034,0.6875,3.5875776677772,232.927129062505
427.140273391912,5,0.0727396977563294,0.44,0.726875567041303,53.6121174193643
690.800851516063,1,0.0822327443818268,11,8.51337668210052,183.7412998539
486.910309520036,3,0.0144824668586324,1.22222222222222,2.27908643999849,15.0721343455311
906.688082254898,3,0.0121878990737322,1.22222222222222,3.35439769416388,184.715233681044
799.590732631979,1,0.0909942958885113,11,6.69413378691792,243.070881552133
688.844824597086,2,0.419735292168858,2.75,1.02042837117527,107.844483215498
649.613497022088,6,0.0637570822037266,0.305555555555556,1.15203066907146,160.825750429596
809.939227962651,3,0.173088096711032,1.22222222222222,8.3450053892322,192.118541782779
194.168394995182,5,0.0509346547526527,0.44,0.0822662059668744,61.7276367851358
603.058670351522,2,0.0939028361255926,2.75,3.68939244120369,113.183573336115
855.475785880903,6,0.0814053640370705,0.305555555555556,4.99859433972766,164.417899589815
115.736722687828,6,0.0550393100565215,0.305555555555556,1.34655907964759e-05,25.8398274949942
258.869654410525,2,0.16136240734534,2.75,0.0819765916695958,63.2110925665453
373.869387853879,3,0.122278481174864,1.22222222222222,0.658092119051524,62.5827743469576
561.050767108836,3,0.0028408365324359,1.22222222222222,2.52104849438901,146.213153786434
813.882763254304,1,0.229925434525051,11,5.04859512775219,202.423178037499
677.627374652836,3,0.0588033517771978,1.22222222222222,2.39595006646508,188.659148043024
640.291049102162,4,0.0201377836751984,0.6875,1.40184037263752,58.721103806501
487.041007735673,1,0.0099800056693485,11,0.773183537213611,79.1185460490804
155.27088446631,4,0.0242378601352268,0.6875,0.0328106937292303,85.0821269530964
611.246697640103,1,0.0162464258075162,11,1.31377240537228,125.852249059871
214.21593808097,1,0.0515115387626274,11,0.0751291431739038,-7.33623131891344
491.648077657545,5,0.00867561092545431,0.44,0.833899899809943,100.776866408054
758.378888167628,2,0.0256575289627116,2.75,4.51242928721025,165.372174972398
794.875648694607,1,0.0757542716361154,11,3.56132461933158,161.188461172479
192.714929731533,5,0.0637218465339663,0.44,0.0413424829916215,45.2618641403127
944.097910055532,3,0.0119784700575062,1.22222222222222,5.41316283108085,175.015435291922
185.618921429286,4,0.114268546025595,0.6875,0.00416667830715266,49.2349982217464
371.863788560504,5,0.0625147841836273,0.44,0.31688744245907,69.1389438779706
340.949105484714,1,0.134841098525513,11,0.0417612181830414,127.296009854706
583.082836854708,5,0.0801156584206572,0.44,2.7066189359103,57.3449175571573
443.946827357656,6,0.0340395968005515,0.305555555555556,1.8644418453045,118.431377812499
334.131200226179,6,0.0598294340554021,0.305555555555556,0.86458655179745,83.9661052790876
462.524948208793,1,0.0896661363459376,11,2.61569655210628,78.9995498263125
948.572226870435,2,0.328172978573831,2.75,6.65686472810953,212.709017534314
170.874173114273,4,0.0779713914091541,0.6875,0.455763128473767,17.4798509070704
682.676111384589,3,0.397880680869349,1.22222222222222,1.04478721244641,136.58368231295
906.508594688967,5,0.0454689052454261,0.44,2.39338019512351,207.193258081258
989.126774320658,3,0.0361072346884686,1.22222222222222,5.10436678943497,225.224898687028
346.995952031172,3,0.0336959522387359,1.22222222222222,0.365378365456425,64.8194588902372
397.841289717486,4,0.0662932617154064,0.6875,0.404236476408081,104.327039486854
640.350640116733,2,0.0544646515901211,2.75,2.918613195258,121.807196353683
262.64954725871,2,0.0431272646707392,2.75,0.0713493099421575,26.6228114923808
539.214668761599,3,0.0347785339863101,1.22222222222222,1.4076124011881,113.677917678447
780.313898626174,5,0.0443591090975825,0.44,3.38498581243511,129.372428198482
633.031373209415,3,0.164936444764201,1.22222222222222,4.67624614288,165.152459632673
904.760050944661,4,0.12284473647161,0.6875,16.7442289745834,233.02293913517
661.292256001032,2,0.248717912227338,2.75,0.937987027645502,145.596184870172
507.517970064514,6,0.071006196256634,0.305555555555556,0.386791952531275,77.9293761954139
856.009096967305,2,0.030485220618062,2.75,5.94494212704505,164.237384585765
82.1433811072743,4,0.00264164235864831,0.6875,0.000350416625162725,79.1199060198322
445.627619244952,3,0.123551028613194,1.22222222222222,0.541707128549852,97.7768434381229
983.111767320381,5,0.211351278158716,0.44,4.09893113430349,173.088537181436
563.184236187477,1,0.0546654879747812,11,1.09911573804451,46.5657719410284
564.005578517683,1,0.0231449636288408,11,2.08988318152063,143.225035663352
129.798206172101,6,0.0958314120531117,0.305555555555556,1.68517084577457e-08,60.5487395904215
533.737801194254,4,0.108549462680942,0.6875,2.07318575902664,101.712298325137
481.120465077675,2,0.0476188012598682,2.75,0.485242345532887,112.566085139016
962.102190370899,1,0.0620443455385292,11,15.2754883781175,304.697222354221
745.053388375926,3,0.127209763984726,1.22222222222222,2.28015300333744,155.838831839204
235.143640839186,6,0.0315758853306788,0.305555555555556,0.0721754213927088,52.0071016642471
221.973316272235,1,0.0013021473471764,11,0.0125725908576163,36.6829426758286
609.08601211745,2,0.0185725731348855,2.75,1.77073335713477,141.114271069742
938.58899838541,6,0.207861393162706,0.305555555555556,3.94664096326875,220.972627185693
426.479912520194,4,0.00876424165838148,0.6875,0.569886609716535,57.4358796827459
190.357810012559,6,0.00518315049380222,0.305555555555556,0.122469678663054,17.4843578808189
316.815718798447,3,0.0300221497099868,1.22222222222222,0.0332918746661195,66.0452593638014
393.026891966235,2,0.017789716143619,2.75,0.046627715091858,101.010661499138
473.390767516107,4,0.02259139782392,0.6875,0.803749741665274,94.991265234858
161.838656700409,5,0.0327445599242783,0.44,0.0031828747499472,11.4234515842819
580.392146641459,1,0.00395924423786264,11,0.43646317416108,101.972092673815
494.107445278786,5,0.0421582781279155,0.44,1.05639698890387,129.736526289149
657.474662955844,5,0.035795071329241,0.44,3.55990155095079,129.308368910682
1055.69462595327,6,0.00317851398163686,0.305555555555556,5.50054085970835,194.206946079881
776.149464995962,4,0.0153195321221116,0.6875,2.93858279204693,151.366763381823
142.911832845587,5,0.0491549169464661,0.44,0.000218532856754982,92.5616986783131
712.718976606553,5,0.0774186985922096,0.44,5.33049234900785,135.064187839996
388.210356266327,4,0.0574663990632241,0.6875,1.9343610733653,154.867878140096
106.261317575228,1,0.199053995886638,11,0.00691773033311928,42.0478997021885
75.1092424091077,1,0.105017701496354,11,1.91146483459986e-08,42.5259243697974
957.194280309948,2,0.115793885619273,2.75,7.4588241097821,249.955885993546
742.032601368776,2,0.00749780673381889,2.75,5.49948641109346,178.167811608221
680.814060642656,6,0.0379431851761147,0.305555555555556,0.848016893665498,109.244805544127
862.283394821977,2,0.078843780031555,2.75,3.10553376795056,190.29781457125
686.780666990859,6,0.0150443923079399,0.305555555555556,3.27120559108029,177.314763303737
387.719285129941,3,0.0619669774755648,1.22222222222222,0.204752090728532,47.7635127408403
990.609313429417,4,0.0147657335011239,0.6875,5.82691977595053,186.353239870624
313.049704481977,3,0.19977831116709,1.22222222222222,0.235250026661131,90.347477953683
402.093757337515,1,0.0358296792798328,11,0.760267156983606,110.234535551203
700.286068470209,5,0.0441122082398003,0.44,2.22353388023426,156.77707209222
706.189664832284,6,0.0221727642999627,0.305555555555556,7.91077735959576,232.378722507688
335.918442754723,5,0.101682905734993,0.44,0.131788562538536,96.8737264194276
364.967771035017,4,0.0151825471512225,0.6875,0.336351061801367,76.0865535116629
823.22590200965,3,0.0201977580006825,1.22222222222222,3.93440963808322,125.545378293212
147.071576692711,5,0.0115236680976738,0.44,0.000608037793674563,52.0501381162362
872.623404845707,5,0.112326704041004,0.44,10.2392654995921,235.377250563376
685.438772983684,3,0.33293437176433,1.22222222222222,2.9333444120411,129.868293720415
295.088634395416,4,0.0173471404053357,0.6875,0.100217832318326,5.94526820051114
957.778120059975,2,0.0614378301274775,2.75,4.04428889584068,233.207979985582
358.02984491135,2,0.057960185365713,2.75,0.270080686739475,62.4433272478423
926.305167838888,3,0.0655106435137767,1.22222222222222,12.7721704284626,268.205518118562
551.341038689759,6,0.104160592732409,0.305555555555556,0.927878560068232,137.628331352888
119.065392211951,1,0.0577706885276332,11,0.140903085096491,27.7870091098874
783.448883973678,6,0.0618566778015958,0.305555555555556,4.90308532184264,213.252530574236
260.904011471451,2,0.156649598832854,2.75,0.00305858900558076,108.006285697911
469.763470134283,3,0.0539910402004396,1.22222222222222,1.06137600415458,113.289860740672
887.943000194081,6,0.132320890778535,0.305555555555556,5.96738671119319,203.452855772778
731.803093991853,1,0.0224197805071557,11,2.69498977825792,165.313942484101
579.850080953627,4,0.0501619504261368,0.6875,1.78348343539256,67.68490930366
717.897923610655,4,0.0137729402494607,0.6875,4.50723376469267,221.969586377425
682.32804472651,1,0.188247307118563,11,2.60527846392602,159.047507655536
863.223235358439,2,0.109581467950275,2.75,4.6971858221559,181.729277294244
504.498956247922,3,0.0212143982772198,1.22222222222222,0.727945251224781,70.8253420260328
746.618908831337,1,0.123912453303844,11,5.05247682099217,195.890792247284
182.861790648802,1,0.0115930920010998,11,0.000190219734748048,21.5293466797186
936.769198799065,1,0.0560230969018904,11,6.07433320914981,255.819362813367
856.834431620314,3,0.00472406561954861,1.22222222222222,13.009505482781,281.763906905414
460.906744988203,6,0.0705586634963707,0.305555555555556,0.140848770537629,37.0888322848369
456.644550376094,6,0.234533537093635,0.305555555555556,1.85017498508641,102.414158155402
111.381481662432,6,0.035812706025212,0.305555555555556,0.00223258431870056,17.1785015362675
935.286553922092,2,0.0479808935728862,2.75,12.9699348501312,240.736704693338
335.529417149025,1,0.037276609986696,11,0.264530868046261,92.5603856465316
713.059912069311,5,0.283409693731103,0.44,4.94131402905082,181.005154844783
274.587715097239,4,0.0480927519197195,0.6875,2.43817063185854e-06,56.6784655860045
359.450081657612,5,0.0857794271576537,0.44,0.143807456808042,53.9132361502376
325.855934506078,1,0.0218983014599109,11,0.416537361265167,41.1500225626589
317.938311331714,4,0.124879457914853,0.6875,1.027248559376,68.9139886779476
152.469201969694,4,0.0487754145436891,0.6875,0.00329548260571609,64.5240407762045
721.118985949218,2,0.0145835225880268,2.75,1.51310106447511,115.280772779397
621.79328034647,6,0.131887222407493,0.305555555555556,1.44789553154242,155.952472840297
818.135513172981,1,0.0187589325334944,11,9.21099874897214,241.035066137525
770.354197093318,1,0.0483581539664306,11,5.1441023172798,212.440537440364
837.846218230475,1,0.0254376189475976,11,5.81907095215048,200.71533448959
249.860640389185,6,0.0226617823155386,0.305555555555556,0.405526892891045,77.8391448852133
761.152738607638,4,0.0855588294198657,0.6875,6.78241690286116,186.63706264824
251.720947793163,6,0.115718254224696,0.305555555555556,0.0312235121020726,76.0452120441154
912.403235105112,5,0.0334926616797501,0.44,5.86611557590298,215.571663071688
353.68269000285,6,0.199723547053228,0.305555555555556,0.245792851486254,31.298033553535
845.147612327867,6,0.0525534718861791,0.305555555555556,3.26214584695738,177.472882651052
676.386800766603,1,0.0231992643484316,11,5.73490338092454,196.438497536586
280.919972396003,6,0.159205874534022,0.305555555555556,0.203449552770528,34.8162389855149
259.159197917584,6,0.0263067267788749,0.305555555555556,0.02698736971666,74.954883971553
819.4543695328,2,0.0277623265631553,2.75,7.57889143411925,211.173163801362
358.629003247556,5,0.100251091840563,0.44,0.0333256880893424,74.247994685636
843.372877401301,1,0.00156725419184669,11,4.38709851930167,213.448914766981
745.1718886896,6,0.0588699274614476,0.305555555555556,4.9351360737932,187.206332476157
263.529194200172,1,0.0524493774460282,11,0.0719210016346173,57.8746256083417
675.772849379999,1,0.0296814327665388,11,1.40455389712877,118.591034443312
61.1332659375838,5,0.049422222495826,0.44,4.10711777845634e-05,71.1543308422153
851.72155448057,2,0.0329855093158939,2.75,7.18997332235458,197.399309978048
778.949301784155,1,0.00665025777679447,11,5.22051678509506,179.875023797366
850.902568488979,1,0.0537085726083008,11,3.82657172147377,198.504647924543
217.80956771747,4,0.121806445044135,0.6875,0.0712949583851352,1.6368136942208
545.89075560173,3,0.0365765444711958,1.22222222222222,1.3243862464654,101.226713021707
168.573537740486,1,0.152145416724874,11,0.292992087886477,16.8566871048104
514.498705954388,3,0.0809817813764065,1.22222222222222,0.368369727111467,120.06408151072
503.276518242357,3,0.0898380926237903,1.22222222222222,0.647886099689457,56.821367377283
920.949742867345,4,0.0261879385171661,0.6875,5.17581677047374,206.467639799489
535.002429206604,3,0.144307351018525,1.22222222222222,1.72990980734382,137.064037170073
830.028198407823,1,0.0530040244761511,11,2.58036879946348,209.156796179662
212.446823870824,1,0.00334848104932713,11,0.131372244825092,28.300906887483
445.681292205146,1,0.124011899446317,11,0.0201309179374532,77.5325733241026
508.259136923565,2,0.424971573950434,2.75,0.986461831119577,85.9848526043025
805.274737052084,2,0.0633599713304198,2.75,3.74956503950636,176.772048580805
651.529398641095,3,0.0371907859133796,1.22222222222222,7.28692171669851,153.082451762565
653.18399087138,4,0.141426866906028,0.6875,1.90261520610077,111.398979613243
224.762762239331,2,0.160141900455629,2.75,0.0338304711344406,42.4001559850635
364.060799443104,2,0.0457716001520038,2.75,0.972106233066754,60.8904824005798
114.911003416981,5,0.0784805358490714,0.44,0.00137292294184086,-24.385932328186
418.565032189551,5,0.10828444870937,0.44,0.344402567231494,60.7005533092459
699.434673775666,5,0.0127300617350375,0.44,5.60021537308359,202.122339963417
236.901136944626,6,0.160866672373787,0.305555555555556,0.116358721014275,120.498519305686
809.560315024891,6,0.0067508632141955,0.305555555555556,6.67058227927477,257.80145221512
557.989958502785,5,0.152017639344145,0.44,1.30214558041833,151.785359022268
39.0830515295285,4,0.0114655725953778,0.6875,0.000315387873702253,-30.476725406771
854.669853655176,1,0.0202311606174891,11,3.69280229357502,167.395820141258
630.108671015211,5,0.15684813831505,0.44,2.64072701094956,112.290405705618
525.949705471617,3,0.0545276159319806,1.22222222222222,1.1984526447444,102.421167985723
720.628997175875,5,0.148369207848683,0.44,7.19567023258726,211.402712384064
757.601458487669,6,0.0609784273713638,0.305555555555556,2.25891437953211,132.944408936654
83.7389502300396,1,0.036974464080906,11,5.75915043092228e-06,24.0930803054713
556.602177109872,2,0.0038519775730559,2.75,1.90741114428186,114.155351402293
46.6379459335189,4,0.329003014237983,0.6875,0.00167906233671857,-21.4104193475266
665.450024101303,2,0.147655734726453,2.75,4.08214991797853,124.20654863794
307.043700531882,4,0.0498511607276525,0.6875,0.783082849561266,122.344170480627
356.558245441714,2,0.0327585897990284,2.75,0.753148756193281,61.3166208137268
148.802332907222,3,0.0902193451987573,1.22222222222222,1.24673907657897e-05,38.0357163216907
198.104530371172,5,0.100734530295062,0.44,0.000603624512895819,66.8779107620331
720.663577839272,4,0.063721251100784,0.6875,10.6239428671165,210.951020089062
325.841321132163,3,0.00139566641474052,1.22222222222222,0.940036254371916,59.282736065474
652.983474532752,2,0.029881140412885,2.75,0.950556625236718,65.9380200885277
260.12165802588,2,0.281262369458734,2.75,0.12504243092619,79.9966476711293
480.568536074311,2,0.0466365234992335,2.75,0.865305263849756,121.615131245252
746.732125401441,3,0.0361846992425674,1.22222222222222,2.88313753770159,106.184447650649
465.635405091484,4,0.00118328489128284,0.6875,1.43848001730621,149.015330703553
863.397383581364,3,0.0490176700648048,1.22222222222222,7.11539923991443,221.383066806023
661.295363253961,4,0.0713964959980272,0.6875,1.98625605623996,104.523922716143
523.825799938381,2,0.119877494785302,2.75,2.39016615301513,108.247062735725
548.95365749734,5,0.0505073323123585,0.44,0.677525493973739,99.7693367141529
566.892282480045,6,0.00435664296069602,0.305555555555556,3.04972809309315,190.02545801935
499.928629245168,6,0.00588334626685724,0.305555555555556,3.02992457621351,154.721547136379
573.139409042354,5,0.0327874824001718,0.44,1.95116846856665,125.110598514549
935.417866053267,5,0.139049287915221,0.44,10.3860990633906,242.756988746834
255.884063577094,4,0.0423297922876585,0.6875,0.0524042326678389,69.1730021079157
672.706227701428,2,0.0653591525478374,2.75,2.92765702030363,152.310819761841
861.309372578889,5,0.0195358469965223,0.44,11.3949887848142,229.655112272268
689.61622355599,6,0.0214867580048339,0.305555555555556,6.79418957760062,163.335183807876
678.786528400662,2,0.0110832099535873,2.75,4.12558351662483,134.685978962634
1021.87577072606,3,0.0877894759232678,1.22222222222222,5.40603827189802,240.533076400674
909.627427995687,3,0.0773413672994438,1.22222222222222,14.7241551528771,269.081726010145
366.137804719236,6,0.00823833874275011,0.305555555555556,0.071618545176075,28.6990606884045
191.897846833308,1,0.00247297374912792,11,0.0637312648500109,50.6161706171817
373.9988503863,4,0.030166635445552,0.6875,0.0685454621758315,24.3817093482246
988.918366789441,5,0.014048009680649,0.44,9.26373868007556,296.497048035037
